{"loss_history": [1.7827670574188232, 1.7692209482192993, 1.7546387910842896, 1.7265464067459106, 1.6593003273010254, 1.6225676536560059], "ema_history1": [1.4191383528709411, 1.5611985084704514, 1.6406233254273483, 1.6790585379409018, 1.6877348254478564, 1.6682363121633563], "ema_history2": [1.4038276705741881, 1.4391895376146742, 1.4698450679284176, 1.4954742623398203, 1.5152702544722452, 1.5273646398425598]}