{"gamerewards": [48.7534912975335, 53.03647461439024, 24.948846817071814, 52.59675385563514, 77.43721693272015, 42.1325850754569, 16.43852854922857, 51.534266354941344, 64.31963998171965, 50.80218584869986, 46.19661120124091, 103.18835987340195, 68.96587370927679, 72.19826727867046, 49.757344994877826, 23.316391405122655, 30.674992982191405, 75.33583958356463, 46.32607647115616, 16.510965416181044, 49.61908389515562, 63.52572292788224, 51.16136326087104, 42.076617782969336, 52.1869953719313, 41.911250839843035, 26.87955088106339, 80.29720202974119, 45.50214222438446, 38.42003122693276, 51.21676717108125, 64.27800578466673, 51.981694802708844, 49.00746327231791, 101.14694432477239, 71.02704139575704, 75.11026154158341, 58.69140991861149, 36.519580413856964, 69.05561330741021, 49.35944326905734, 24.35286825188699, 27.530775849150825, 77.56751638933984, 34.80515585201833, 14.89721041302448, 53.565581803439635, 63.47477191627821, 48.72905987074267, 47.70171149602712, 26.198050997613503, 27.850354268301135, 77.08294820168268, 52.521750110826645, 47.07614477079632, 26.72379688141723, 77.18018948198807, 36.680883030222084, 24.492586908230667, 54.82345692415219, 47.13717627910284, 22.599346587093457, 31.02594986714675, 78.08779514097023, 46.13073239746361, 17.923647463820913, 58.39996972599168, 48.489904965058095, 21.718062696851778, 26.052751065774522, 47.73480744585276, 52.696510111705436, 29.734403486270676, 78.20799335242306, 47.73432709240996, 18.071207934253238, 52.17698962206768, 65.82427197200951, 54.75655923555613, 44.4259375733641, 103.27352327764841], "ema_rewards": [2.4376745648766773, 4.967614567352357, 5.966676179838331, 8.298180063628173, 11.755131907082776, 13.274004565501482, 13.432230764687837, 15.337332544200514, 17.786447916076472, 19.437234812707644, 20.775203632134307, 24.895861444197692, 27.099362057451646, 29.35430731851259, 30.37445920233085, 30.02155581247044, 30.054227670956486, 32.3183082665869, 33.01869667681536, 32.193310113783646, 33.064598802852245, 34.58765500910375, 35.41634042169211, 35.74935428975597, 36.57123634386473, 36.838237068663645, 36.34030275928363, 38.538147722806514, 38.88634744788541, 38.86303163683778, 39.48071841354996, 40.720582782105794, 41.28363838313595, 41.66982962759505, 44.64368536245392, 45.962853164119075, 47.42022358299229, 47.98378289977325, 47.41057277547743, 48.49282480207407, 48.536155725423235, 47.32699135174642, 46.337180576616646, 47.89869736725281, 47.24402029149109, 45.62667979756775, 46.023624897861346, 46.89618224878219, 46.98782612988022, 47.023520398187564, 45.98224692815886, 45.07565229516597, 46.67601709049181, 46.96830374150856, 46.97369579297294, 45.961200847395155, 47.5221502791248, 46.98008691667967, 45.85571191625722, 46.304099166651966, 46.34575302227451, 45.15843270051545, 44.45180855884701, 46.133607887953175, 46.1334641134287, 44.72297328094831, 45.40682310320047, 45.56097719629336, 44.36883147132128, 43.45302745104394, 43.667116450784384, 44.11858613383044, 43.39937700145245, 45.139807819000985, 45.26953378267144, 43.909617490250525, 44.32298609684138, 45.39805039059979, 45.86597583284761, 45.79397391987343, 48.66795138776219]}