{"gamerewards": [3.2222916666666666, 1.6960305212620022, 1.8141075102880664, 1.2942601165980787, 2.479591836734694, 3.3142361111111094, 2.3486111111111097, 1.7863082990397832, 2.727607709750571, 1.877090419501128], "ema_rewards": [0.32222916666666657, 0.4596093021262001, 0.5950591229423867, 0.6649792223079559, 0.8464404837506297, 1.0932200464866777, 1.2187591529491208, 1.275514067558187, 1.4207234317774253, 1.4663601305497957]}