{"loss_history": [1.8011692762374878, 1.7941521406173706, 1.7031646966934204, 1.4319965839385986, 1.4325172901153564, 1.3615021705627441, 1.3625720739364624, 1.4162546396255493, 1.3655449151992798, 1.350111961364746, 1.4356259107589722, 1.4471068382263184, 1.3776212930679321, 1.5899499654769897, 1.2432578802108765, 1.335113763809204, 1.3418861627578735, 1.7092055082321167, 1.334346890449524, 1.4078911542892456, 1.5216385126113892, 1.5033921003341675, 1.3126680850982666, 1.4633710384368896, 1.3371063470840454, 1.5268971920013428, 1.2139157056808472, 1.4969608783721924, 1.4438272714614868, 1.351650595664978, 1.352296233177185, 1.447440505027771, 1.6158151626586914, 1.5619711875915527, 1.538216471672058, 1.3876819610595703, 1.6643707752227783, 1.558034896850586, 1.410032033920288, 1.2416086196899414, 1.3349844217300415, 1.4188692569732666, 1.3914647102355957, 1.311195969581604, 1.2904800176620483, 1.3596676588058472, 1.3303757905960083, 1.5598515272140503, 1.3430936336517334, 1.521568775177002, 1.6268866062164307, 1.1973416805267334, 1.3938783407211304, 1.2720422744750977, 1.4735770225524902, 1.2650082111358643, 1.3204313516616821, 1.3370778560638428, 1.4722052812576294, 1.601503849029541, 1.6779342889785767, 1.5292186737060547, 1.2712838649749756, 1.4351061582565308, 1.2051341533660889, 1.2487220764160156, 1.3263568878173828, 1.5104864835739136, 1.283707618713379, 1.5437122583389282, 1.7553887367248535, 1.2706944942474365, 1.2809768915176392, 1.414616584777832], "ema_history1": [1.4200584638118743, 1.5706678341820384, 1.64502201713372, 1.590262011787231, 1.5421423136652788, 1.4925401324187715, 1.4727110211211856, 1.436431221015151, 1.4041558379294257, 1.402617046251131, 1.4172493656384166, 1.416911982882512, 1.4026877828825504, 1.4186969409890735, 1.3997607128283447, 1.4022071358114632, 1.4043749710828908, 1.410829547510271, 1.389020641479303, 1.419678818873816, 1.4390968575606533, 1.4331648618717434, 1.418747067406117, 1.4222221608428127, 1.3913327354583944, 1.4027479572045074, 1.3963808253002918, 1.410100776832516, 1.4099780278376248, 1.3799513960302554, 1.3998340508137317, 1.4022143735244337, 1.8370786318504813, 1.6865051823579196, 1.6774536767922061, 1.5644659617007937, 1.4896992292918168, 1.450881927571338, 1.4243454556028297, 1.3962014417587916, 1.3819182152624865, 1.4168573626882979, 1.396327102409102, 1.3793912832327022, 1.3741722567154249, 1.3899041405168389, 1.3953272052185361, 1.4035534213183118, 1.400530431934983, 1.40061777693085, 1.410043632932797, 1.4036141220390568, 1.3969754368976217, 1.3937767586649206, 1.4020014748161496, 1.404184991026067, 1.3826249778848272, 1.3883443086820797, 1.3977263657240862, 1.4324274454627208, 1.4589329531469497, 1.4404938338223303, 1.3983038441799427, 1.3955820829542191, 1.3968255515254606, 1.3907620355634056, 1.4020294238591815, 1.4002021943638547, 1.3932730037483003, 1.3924608932778333, 1.425401118219536, 1.4161891197244234, 1.4288408163393753, 1.4082438034449243], "ema_history2": [1.4040116927623747, 1.4414505608675448, 1.4718318567847462, 1.4760534345575314, 1.4758873761977989, 1.470188314184291, 1.4679284442632066, 1.4595170596819338, 1.4499494312218912, 1.4455044513707949, 1.444596183642666, 1.4420606266160525, 1.436058572073416, 1.4366981909241292, 1.4311874499691126, 1.4297443655733706, 1.4278509953609684, 1.4260030906389567, 1.419641984256386, 1.4240586372861992, 1.4281381156582578, 1.4281736185376988, 1.425641297585556, 1.4257607913536592, 1.4180890006337332, 1.4176656315948954, 1.4155115033750754, 1.416806407379474, 1.4158377958523538, 1.4080290333788388, 1.4105488260562185, 1.400310115355872, 1.5208401905773177, 1.5155091302913177, 1.5303818471590818, 1.517957976690963, 1.504085486386502, 1.4935892107194768, 1.4829823395667672, 1.470099943573687, 1.4596224037000092, 1.4611513377685004, 1.452143256687607, 1.4427209219487034, 1.4354085140686037, 1.4336866232685634, 1.4308991444169785, 1.3969724484384913, 1.402948823441646, 1.403197833852824, 1.4038821613972654, 1.4032427138915415, 1.4013801843089013, 1.399640990124377, 1.4008989401977654, 1.4019125627625355, 1.3962954733628026, 1.396221862218445, 1.3975290978107668, 1.4056169887490477, 1.4139583621722782, 1.4132686218894226, 1.4061893359232103, 1.404305257947169, 1.4040006693974838, 1.402469643930235, 1.4041709615754434, 1.403631920764977, 1.4018552552666108, 1.3999975977971493, 1.4065003041479462, 1.4070344340176932, 1.4111592071873116, 1.4080351671085582]}