{"loss_history": [1.070722222328186, 1.2209300994873047, 1.143890619277954, 1.1768643856048584, 1.100250244140625, 1.2613956928253174, 1.178489327430725, 1.5358221530914307, 1.1599767208099365, 1.2867023944854736, 1.4321181774139404, 1.4564327001571655, 1.0108082294464111, 1.1069061756134033, 1.117638349533081, 1.1310060024261475, 1.2953364849090576], "ema_history": [0.03212166666984561, 0.31347806623728597, 0.5380701817366473, 0.7127370211273355, 0.8305810603417795, 0.9371516757702804, 0.9950167307508007, 1.0658167454849268, 1.1049506520308456, 1.1286568099620748, 1.1475638038588987, 0.043692981004715005, 0.3357611726940485, 0.5636295565643047, 0.7164880065571124, 0.8547776306178343, 0.9418326019078839]}