{"gamerewards": [49.03551401723276, 23.33055687576314, 29.841167383137712, 79.16041606108014, 50.277111831050895, 34.184164490948895, 55.15689026101208, 63.20981996666531, 60.415382857825044, 47.31887461005428, 101.3975921312483, 70.2532463222541, 77.36229600653986, 46.60412448841669, 14.30715720095877, 61.664505796865186, 78.73345453632012, 60.451007207029065, 62.58177147106372, 87.39937449928544, 17.352374206002324, 67.23340559498364, 57.12232289862915, 14.75342085154429, 54.53881761878171, 50.44288318504407, 32.499951264013774, 27.569770408237606, 73.2984190956613, 38.49435505611289, 17.27006328792736, 51.05106306662086, 23.022362507804715, 27.449579027569648], "ema_rewards": [2.45177570086164, 3.4957147596067157, 4.812987390783267, 8.530358824298114, 10.617696474635755, 11.796019875451412, 13.964063394729449, 16.426351223326243, 18.625802805051187, 20.060456395301344, 24.127313182098696, 26.433609839106467, 28.98004414747814, 29.86124816452507, 29.083543616346752, 30.712591725372675, 33.11363486592005, 34.4805034829755, 35.88556688237991, 38.461257263225185, 37.405813110364036, 38.897192734595016, 39.808449242796726, 38.5556978232341, 39.35485381301148, 39.90925528161311, 39.53879008073315, 38.94033909710838, 40.65824309703603, 40.550048694989876, 39.38604942463675, 39.96930010673596, 39.121953226789394, 38.53833451682841]}