{"gamerewards": [14.603457133820879], "ema_rewards": [0.7301728566910446]}