{"gamerewards": [2.344305555555554, 1.2280949931412886, 1.9758333333333327, 0.9811171124828519, 1.0298568244170097, 0.9664351851851851, 1.2579010770975054, 2.31159722222222, 1.7302083333333322, 1.2228009259259267, 1.53564342403628, 1.8314583333333334, 0.9158736282578893, 1.0635502400548693, 0.8446716392318246, 1.3397108843537398, 1.7117361111111131, 2.4284027777777775, 1.1404535322359388, 1.7051091269841259, 1.5112670068027227, 1.2712620027434849, 1.2916881001371752, 1.3873653628117952, 2.2563888888888872, 3.7507716049382744, 1.4686437074829912, 4.331597222222223, 2.1668438208616765, 1.3852395124716557, 1.0572702331961594, 2.508958333333335, 0.9295267489711939, 1.7738888888888908, 3.728395061728397, 2.8593749999999996, 0.8411779835390951, 1.255079732510288, 1.0747170781892998, 1.4393778344671215, 2.8208333333333364, 1.681666666666671, 1.208890603566529, 1.5864512471655312, 1.2889739229024935, 1.089656207133059, 0.929783950617285, 1.19267290249433, 1.8290277777777768, 3.906250000000001, 1.2724277210884363, 2.819583333333335, 0.8341478052126204, 1.0668295610425238, 1.2387902949245528, 1.7085104875283446], "ema_rewards": [0.23443055555555534, 0.33379699931412865, 0.498000632716049, 0.5463122806927293, 0.5946667350651573, 0.6318435800771601, 0.6944493297791946, 0.8561641190234971, 0.9435685404544806, 0.9714917790016252, 1.0279069435050907, 1.108262082487915, 1.0890232370649124, 1.0864759373639081, 1.0622955075507, 1.0900370452310038, 1.1522069518190146, 1.2798265344148907, 1.2658892341969956, 1.3098112234757087, 1.32995680180841, 1.3240873219019176, 1.3208473997254435, 1.3274991960340787, 1.4203881653195596, 1.6534265092814309, 1.6349482291015869, 1.9046131284136503, 1.930836197658453, 1.8762765291397732, 1.7943758995454118, 1.865834142924204, 1.7722034035289032, 1.772371952064902, 1.9679742630312513, 2.057114336728126, 1.935520701409223, 1.8674766045193294, 1.7882006518863265, 1.753318370144406, 1.860069866463299, 1.8422295464836362, 1.7788956521919255, 1.759651211689286, 1.7125834828106066, 1.6502907552428518, 1.5782400747802952, 1.5396833575516986, 1.5686177995743065, 1.802381019616876, 1.7493856897640319, 1.8564054541209623, 1.754179689230128, 1.6854446764113675, 1.640779238262686, 1.6475523631892517]}