{"loss_history": [1.8342039585113525, 1.2162097692489624, 1.236771583557129, 1.1737195253372192, 1.240766167640686, 1.1655453443527222, 1.146497130393982, 1.1816401481628418, 1.1820037364959717, 1.1448495388031006, 1.1688908338546753, 1.1988990306854248, 1.1463642120361328, 1.1467080116271973, 1.0105679035186768, 1.0020763874053955, 1.1210598945617676, 1.1635726690292358, 1.060135841369629, 1.1961734294891357, 0.9894874691963196, 0.9540491104125977, 1.1147352457046509, 1.0507187843322754, 1.0564988851547241, 1.1381644010543823, 1.0370256900787354, 1.129332184791565, 1.1849353313446045, 1.089798927307129, 1.1299160718917847, 1.0672136545181274, 1.083268165588379, 1.0276435613632202, 1.0339170694351196, 1.055654764175415, 1.0806217193603516, 1.039092779159546, 1.0603464841842651, 1.1027719974517822, 0.9884113073348999, 1.0239133834838867, 1.106444001197815, 1.0517947673797607, 1.1169403791427612, 1.0541763305664062, 1.0522282123565674, 1.0602118968963623, 1.1590797901153564, 1.0416673421859741, 1.0939759016036987, 1.0834964513778687, 1.0559991598129272, 1.014727234840393, 1.1119083166122437, 1.0528024435043335, 0.9994816184043884, 1.0478084087371826, 1.7786040306091309], "ema_history1": [1.4217101979255675, 1.3900295279913266, 1.3260964554848025, 1.268960047864822, 1.223551492699528, 1.1892784791346374, 1.1748843197060312, 1.163269976917197, 1.1528433301359704, 1.1544116176952517, 1.1608821851729973, 1.152742692615701, 1.1374282685095765, 1.1300589823268057, 1.1189970400164113, 1.1093601346311017, 1.0940250536074339, 1.1186388829620304, 1.109006707189891, 1.095106493323812, 1.0886479037089252, 1.081277644788065, 1.0855481970143717, 1.0815394217446335, 1.0706139375976234, 1.0852152503171757, 1.0758175616796475, 1.08812769471893, 1.0765739939066876, 1.0815813039326627, 1.077361714065084, 1.0867015317562974, 1.0898313168308567, 1.0789264803661822, 1.0791457888245395, 1.0670722087202367, 1.0745947909506468, 1.0706926205598573, 1.073161192356809, 1.0711857641159683, 1.0735896500918338, 1.0672183305004312, 1.0784339985956934, 1.0706439787800517, 1.07089647649677, 1.0698906622860354, 1.080301147641444, 1.0702842844595586, 1.0793163223342008, 1.065126266091582, 1.056372680709494, 1.068243471444137, 1.0540198828815195, 1.0630586531075281, 1.0601888916691822, 1.0515886011016797, 1.031635647709845, 1.0472717791011636, 1.0838383916765622], "ema_history2": [1.4043420395851134, 1.3993607546098668, 1.383527535090549, 1.364786466102034, 1.344708039893108, 1.3246135805673533, 1.3081613408288588, 1.2927005696528377, 1.2779518652126758, 1.266084312968956, 1.2567609964500337, 1.2454779251640185, 1.2328122178287466, 1.2221011586516135, 1.2106649060415955, 1.1997071561372856, 1.1874910751894017, 1.1844269631874527, 1.1758044203609457, 1.1657125573800609, 1.1575123508493907, 1.1494863662149906, 1.1440751852348692, 1.1375176984758613, 1.1294472797118924, 1.1272540534705535, 1.1210260709005306, 1.1193111686326151, 1.1134296338007732, 1.111242966435439, 1.1074601909602877, 1.1066938561206698, 1.105559717739984, 1.1017805680643764, 1.0997740924898494, 1.0949395156645843, 1.0937125375884398, 1.0914321139490486, 1.090136492986325, 1.0882211051958486, 1.0872379341328056, 1.0844262251281416, 1.0850867273895213, 1.0825757254783843, 1.0813443476787883, 1.080002615435557, 1.0816343971242866, 1.078969210268683, 1.080031318229507, 1.076579931946676, 1.073220123705493, 1.0741725714383334, 1.0701805802940279, 1.0710541386395258, 1.0696175184782264, 1.0663989804872351, 1.0601742043116011, 1.0612523967747163, 1.0545851016162435]}